UID,JID
njchen,366118
njchen,366111
njchen,366122
njchen,367804
njchen,367802
njchen,368897
m4xu,366118
m4xu,366111
m4xu,366122
m4xu,367804
m4xu,367802
m4xu,368897
helguind,366118
helguind,366111
helguind,366122
helguind,367804
helguind,367802
helguind,368897
a3balasu,366118
a3balasu,366111
a3balasu,366122
a3balasu,367804
a3balasu,367802
a3balasu,368897
srdhanva,366118
srdhanva,366111
srdhanva,366122
srdhanva,367804
srdhanva,367802
srdhanva,368897
njchen,368351
njchen,368822
m4xu,368103
m4xu,367657
helguind,369072
helguind,368770
a3balasu,368983
a3balasu,369300
srdhanva,362791
srdhanva,366443
